{
  "SEGMENTO": {
    "BAR": 0.4785470697023485,
    "COMPLIMENTARY": 0.5124252959659998,
    "FIXED RATES": 0.375496596876965,
    "GROUP LEISURE": 0.21404289940919685,
    "LOYALTY": 0.36594475728763026,
    "MICE": 0.3346567808274616,
    "MISCELLANEOUS": 0.20600714560361585,
    "OPAQUE": 0.3052103391110519,
    "PACKAGE": 0.38238539767685914,
    "TRAVEL INDUSTRY": 0.2798828782386398,
    "WEDDINGS": 0.30491461627486416
  },
  "PAIS_AGRUPADO": {
    "ALEMANIA": 0.22194071268440557,
    "ARGENTINA": 0.44885588628528494,
    "BRASIL": 0.44055645447812786,
    "CANADA": 0.30822109652834595,
    "ESPAÑA": 0.28336811953080876,
    "ESTADOS UNIDOS": 0.4235103291852269,
    "JAMAICA": 0.24915493240747494,
    "MEXICO": 0.31778653642532556,
    "OTRO": 0.4426721252232782,
    "REINO UNIDO": 0.24714373154448915,
    "REPUBLICA DOMINICANA": 0.27072353509741803
  },
  "HABITACION_LIMPIA": {
    "AMBASSADOR": 0.5024373692280311,
    "DELUXE": 0.34640358161167073,
    "JUNIOR_SUITE": 0.3975930893786635,
    "LOFT_SUITE": 0.3536763452541139,
    "OTROS": 0.3459754209670617,
    "ROMANCE": 0.359469705872788,
    "SUITE": 0.39731355104804955,
    "VILLA": 0.2741750078970227
  },
  "_media_global": 0.38279364585799
}